Phrase,Score
otros servicios >>> descubre los diferentes servicios que ofrecemos anterior siguiente cursos disponibles >>> explora nuestros cursos disponibles para mejorar tus habilidades,431.0
avanzar en tu carrera anterior siguiente slide venta de articulos electronicos iphone 13 mini nuevo en caja comprar,302.625
la conciencia ambiental cada vez más personas están interesadas en aprender sobre la conservación de especies,219.74166666666665
el blog  home nosotros servicios contacto cursos artículos recientes el auge de las mascotas exóticas,212.20833333333331
tener una mascota exótica puede ser una puerta para educarse sobre su hábitat,160.16666666666666
 si pensabas que tener una mascota típica como un perro,126.5
ha surgido una tendencia sorprendente en el mundo de las mascotas,123.20833333333331
condiciones sobre nosotros servicios contacto © 2024 el blog,97.58333333333331
¡ las mascotas exóticas están de moda,67.29166666666667
deja tu comentario para dejar un comentario,59.16666666666666
utilizamos cookies para mejorar su experiencia,53.5
iguanas hasta hámsters … leer más nov,47.5
¿ acepta el uso de cookies,44.29166666666666
asistente el blog enviar cerrar asistente,44.0
un gato era lo más emocionante,40.5
¿ son la nueva tendencia,32.1
cuidados … leer más nov,31.5
amantes de los animales,28.125
noticias recientes la educación,26.6
cerrar sesión enviar comentario comentarios,24.83333333333333
piénsalo de nuevo,23.625
todos los derechos reservados,22.0
por favor regístrate aquí,16.0
la biodiversidad,10.6
hay comentarios aún,10.0
aceptar cancelar términos,9.0
¡ hola,6.5
iniciar sesión,5.5
desde serpientes,4.0
30 p,4.0
29 p,4.0
2024,3.6666666666666665
últimamente,1.0
7,1.0
19,1.0
